zone,seq,ts,severity,detector,diagnosis,action,n_triggered,trigger_sensors
Zone-A,0,1780126951.86132,Critical,hard+iforest,HVAC cooling failure,Inspect chiller and cooling tower status; verify supply-air temperature set-point; switch to backup AHU if available.,3,"temperature,humidity,co2"
Zone-A,1,1780126951.861356,Normal,none,All sensors within nominal operating range.,No action required.,0,
Zone-A,2,1780126951.8613691,Normal,none,All sensors within nominal operating range.,No action required.,0,
Zone-A,3,1780126951.8613791,Normal,none,All sensors within nominal operating range.,No action required.,0,
Zone-A,4,1780126951.861387,Normal,none,All sensors within nominal operating range.,No action required.,0,
Zone-A,5,1780126951.861395,Normal,none,All sensors within nominal operating range.,No action required.,0,
Zone-A,6,1780126951.861403,Critical,hard+iforest,Possible fire / thermal event,Verify smoke and heat detectors; dispatch on-site inspection; isolate affected HVAC zone and prepare evacuation protocol if confirmed.,3,"power,temperature,co2"
Zone-A,7,1780126951.861415,Warning,zscore,Elevated CO₂ — ventilation review,Raise outdoor-air damper position and verify exhaust-fan status.,1,co2
Zone-A,8,1780126951.861423,Normal,none,All sensors within nominal operating range.,No action required.,0,
Zone-A,9,1780126951.86143,Normal,none,All sensors within nominal operating range.,No action required.,0,
Zone-A,10,1780126951.8614368,Normal,none,All sensors within nominal operating range.,No action required.,0,
Zone-A,11,1780126951.8614452,Normal,none,All sensors within nominal operating range.,No action required.,0,
Zone-A,12,1780126951.861452,Normal,none,All sensors within nominal operating range.,No action required.,0,
Zone-A,13,1780126951.861459,Normal,none,All sensors within nominal operating range.,No action required.,0,
Zone-A,14,1780126951.8614662,Normal,none,All sensors within nominal operating range.,No action required.,0,
Zone-A,15,1780126951.8614721,Normal,none,All sensors within nominal operating range.,No action required.,0,
Zone-A,16,1780126951.8614779,Normal,none,All sensors within nominal operating range.,No action required.,0,
Zone-A,17,1780126951.861485,Normal,none,All sensors within nominal operating range.,No action required.,0,
Zone-A,18,1780126951.861492,Normal,none,All sensors within nominal operating range.,No action required.,0,
Zone-A,19,1780126951.861502,Normal,none,All sensors within nominal operating range.,No action required.,0,
Zone-A,20,1780126951.861509,Normal,none,All sensors within nominal operating range.,No action required.,0,
Zone-A,21,1780126951.861516,Normal,none,All sensors within nominal operating range.,No action required.,0,
Zone-A,22,1780126951.861523,Normal,none,All sensors within nominal operating range.,No action required.,0,
Zone-A,23,1780126951.86153,Normal,none,All sensors within nominal operating range.,No action required.,0,
Zone-A,24,1780126951.861537,Normal,none,All sensors within nominal operating range.,No action required.,0,
Zone-A,25,1780126951.861544,Critical,hard+iforest,Occupancy spike / ventilation insufficient,Increase fresh-air intake (raise outdoor-air damper set-point) and verify supply-fan VFD command.,2,"humidity,co2"
Zone-A,26,1780126951.8615508,Critical,zscore,Occupancy spike / ventilation insufficient,Increase fresh-air intake (raise outdoor-air damper set-point) and verify supply-fan VFD command.,2,"humidity,co2"
Zone-A,27,1780126951.861558,Normal,none,All sensors within nominal operating range.,No action required.,0,
Zone-A,28,1780126951.8615649,Normal,none,All sensors within nominal operating range.,No action required.,0,
Zone-A,29,1780126951.8615732,Normal,none,All sensors within nominal operating range.,No action required.,0,
Zone-A,30,1780126951.8615801,Normal,none,All sensors within nominal operating range.,No action required.,0,
Zone-A,31,1780126951.861587,Normal,none,All sensors within nominal operating range.,No action required.,0,
Zone-A,32,1780126951.861595,Critical,hard+iforest,Possible fire / thermal event,Verify smoke and heat detectors; dispatch on-site inspection; isolate affected HVAC zone and prepare evacuation protocol if confirmed.,3,"power,temperature,co2"
Zone-A,33,1780126951.8616052,Normal,none,All sensors within nominal operating range.,No action required.,0,
Zone-A,34,1780126951.861613,Normal,none,All sensors within nominal operating range.,No action required.,0,
Zone-A,35,1780126951.86162,Normal,none,All sensors within nominal operating range.,No action required.,0,
Zone-A,36,1780126951.8616269,Normal,none,All sensors within nominal operating range.,No action required.,0,
Zone-A,37,1780126951.861634,Normal,none,All sensors within nominal operating range.,No action required.,0,
Zone-A,38,1780126951.861641,Normal,none,All sensors within nominal operating range.,No action required.,0,
Zone-A,39,1780126951.8616478,Warning,zscore,Unclassified anomaly,Review the listed sensor trip values and follow zone runbook.,1,co2
Zone-A,40,1780126951.8616529,Normal,none,All sensors within nominal operating range.,No action required.,0,
Zone-A,41,1780126951.8616579,Normal,none,All sensors within nominal operating range.,No action required.,0,
Zone-A,42,1780126951.8616629,Normal,none,All sensors within nominal operating range.,No action required.,0,
Zone-A,43,1780126951.8616698,Normal,none,All sensors within nominal operating range.,No action required.,0,
Zone-A,44,1780126951.8616772,Normal,none,All sensors within nominal operating range.,No action required.,0,
Zone-A,45,1780126951.861686,Normal,none,All sensors within nominal operating range.,No action required.,0,
Zone-A,46,1780126951.861693,Normal,none,All sensors within nominal operating range.,No action required.,0,
Zone-A,47,1780126951.8617,Normal,none,All sensors within nominal operating range.,No action required.,0,
Zone-A,48,1780126951.861707,Normal,none,All sensors within nominal operating range.,No action required.,0,
Zone-A,49,1780126951.861714,Warning,zscore,Unclassified anomaly,Review the listed sensor trip values and follow zone runbook.,1,co2
Zone-A,50,1780126951.861721,Critical,hard,Occupancy spike / ventilation insufficient,Increase fresh-air intake (raise outdoor-air damper set-point) and verify supply-fan VFD command.,2,"humidity,co2"
Zone-A,51,1780126951.86173,Normal,none,All sensors within nominal operating range.,No action required.,0,
Zone-A,52,1780126951.861737,Normal,none,All sensors within nominal operating range.,No action required.,0,
Zone-A,53,1780126951.8617442,Normal,none,All sensors within nominal operating range.,No action required.,0,
Zone-A,54,1780126951.8617492,Normal,none,All sensors within nominal operating range.,No action required.,0,
Zone-A,55,1780126951.861754,Normal,none,All sensors within nominal operating range.,No action required.,0,
Zone-A,56,1780126951.861759,Normal,none,All sensors within nominal operating range.,No action required.,0,
Zone-A,57,1780126951.8617659,Normal,none,All sensors within nominal operating range.,No action required.,0,
Zone-A,58,1780126951.861773,Normal,none,All sensors within nominal operating range.,No action required.,0,
Zone-A,59,1780126951.861781,Normal,none,All sensors within nominal operating range.,No action required.,0,
Zone-A,60,1780126951.8617878,Normal,none,All sensors within nominal operating range.,No action required.,0,
Zone-A,61,1780126951.8617952,Normal,none,All sensors within nominal operating range.,No action required.,0,
Zone-A,62,1780126951.861802,Normal,none,All sensors within nominal operating range.,No action required.,0,
Zone-A,63,1780126951.8618088,Normal,none,All sensors within nominal operating range.,No action required.,0,
Zone-A,64,1780126951.8618162,Normal,none,All sensors within nominal operating range.,No action required.,0,
Zone-A,65,1780126951.861824,Normal,none,All sensors within nominal operating range.,No action required.,0,
Zone-A,66,1780126951.861831,Normal,none,All sensors within nominal operating range.,No action required.,0,
Zone-A,67,1780126951.861838,Normal,none,All sensors within nominal operating range.,No action required.,0,
Zone-A,68,1780126951.861845,Normal,none,All sensors within nominal operating range.,No action required.,0,
Zone-A,69,1780126951.8618517,Normal,none,All sensors within nominal operating range.,No action required.,0,
Zone-A,70,1780126951.8618581,Normal,none,All sensors within nominal operating range.,No action required.,0,
Zone-A,71,1780126951.8618636,Normal,none,All sensors within nominal operating range.,No action required.,0,
Zone-A,72,1780126951.861869,Normal,none,All sensors within nominal operating range.,No action required.,0,
Zone-A,73,1780126951.8618746,Critical,hard+iforest,Possible fire / thermal event,Verify smoke and heat detectors; dispatch on-site inspection; isolate affected HVAC zone and prepare evacuation protocol if confirmed.,2,"temperature,co2"
Zone-A,74,1780126951.86188,Critical,hard+zscore+iforest,Possible fire / thermal event,Verify smoke and heat detectors; dispatch on-site inspection; isolate affected HVAC zone and prepare evacuation protocol if confirmed.,3,"power,temperature,co2"
Zone-A,75,1780126951.86189,Critical,hard+zscore+iforest,Possible fire / thermal event,Verify smoke and heat detectors; dispatch on-site inspection; isolate affected HVAC zone and prepare evacuation protocol if confirmed.,3,"power,temperature,co2"
Zone-A,76,1780126951.861899,Normal,none,All sensors within nominal operating range.,No action required.,0,
Zone-A,77,1780126951.8619058,Normal,none,All sensors within nominal operating range.,No action required.,0,
Zone-A,78,1780126951.8619142,Normal,none,All sensors within nominal operating range.,No action required.,0,
Zone-A,79,1780126951.861922,Normal,none,All sensors within nominal operating range.,No action required.,0,
Zone-A,80,1780126951.861929,Normal,none,All sensors within nominal operating range.,No action required.,0,
Zone-A,81,1780126951.861936,Normal,none,All sensors within nominal operating range.,No action required.,0,
Zone-A,82,1780126951.861943,Normal,none,All sensors within nominal operating range.,No action required.,0,
Zone-A,83,1780126951.86195,Normal,none,All sensors within nominal operating range.,No action required.,0,
Zone-A,84,1780126951.861957,Normal,none,All sensors within nominal operating range.,No action required.,0,
Zone-A,85,1780126951.861964,Normal,none,All sensors within nominal operating range.,No action required.,0,
Zone-A,86,1780126951.8619719,Normal,none,All sensors within nominal operating range.,No action required.,0,
Zone-A,87,1780126951.86198,Normal,none,All sensors within nominal operating range.,No action required.,0,
Zone-A,88,1780126951.8619854,Normal,none,All sensors within nominal operating range.,No action required.,0,
Zone-A,89,1780126951.861991,Normal,none,All sensors within nominal operating range.,No action required.,0,
Zone-A,90,1780126951.861998,Normal,none,All sensors within nominal operating range.,No action required.,0,
Zone-A,91,1780126951.862005,Normal,none,All sensors within nominal operating range.,No action required.,0,
Zone-A,92,1780126951.862012,Normal,none,All sensors within nominal operating range.,No action required.,0,
Zone-A,93,1780126951.86202,Normal,none,All sensors within nominal operating range.,No action required.,0,
Zone-A,94,1780126951.8620257,Normal,none,All sensors within nominal operating range.,No action required.,0,
Zone-A,95,1780126951.8620312,Normal,none,All sensors within nominal operating range.,No action required.,0,
Zone-A,96,1780126951.862039,Normal,none,All sensors within nominal operating range.,No action required.,0,
Zone-A,97,1780126951.862046,Normal,none,All sensors within nominal operating range.,No action required.,0,
Zone-A,98,1780126951.8620532,Normal,none,All sensors within nominal operating range.,No action required.,0,
Zone-A,99,1780126951.86206,Normal,none,All sensors within nominal operating range.,No action required.,0,
Zone-A,100,1780126951.862067,Critical,hard,Occupancy spike / ventilation insufficient,Increase fresh-air intake (raise outdoor-air damper set-point) and verify supply-fan VFD command.,2,"humidity,co2"
Zone-A,101,1780126951.8620758,Normal,none,All sensors within nominal operating range.,No action required.,0,
Zone-A,102,1780126951.862083,Normal,none,All sensors within nominal operating range.,No action required.,0,
Zone-A,103,1780126951.8620899,Normal,none,All sensors within nominal operating range.,No action required.,0,
Zone-A,104,1780126951.8620968,Normal,none,All sensors within nominal operating range.,No action required.,0,
Zone-A,105,1780126951.8621025,Normal,none,All sensors within nominal operating range.,No action required.,0,
Zone-A,106,1780126951.862108,Normal,none,All sensors within nominal operating range.,No action required.,0,
Zone-A,107,1780126951.862113,Normal,none,All sensors within nominal operating range.,No action required.,0,
Zone-A,108,1780126951.862118,Normal,none,All sensors within nominal operating range.,No action required.,0,
Zone-A,109,1780126951.862123,Warning,zscore,Temperature drift,Verify set-point compliance and inspect zone VAV box.,1,temperature
Zone-A,110,1780126951.86213,Normal,none,All sensors within nominal operating range.,No action required.,0,
Zone-A,111,1780126951.862137,Normal,none,All sensors within nominal operating range.,No action required.,0,
Zone-A,112,1780126951.862144,Normal,none,All sensors within nominal operating range.,No action required.,0,
Zone-A,113,1780126951.862151,Normal,none,All sensors within nominal operating range.,No action required.,0,
Zone-A,114,1780126951.862158,Normal,none,All sensors within nominal operating range.,No action required.,0,
Zone-A,115,1780126951.862165,Normal,none,All sensors within nominal operating range.,No action required.,0,
Zone-A,116,1780126951.862172,Normal,none,All sensors within nominal operating range.,No action required.,0,
Zone-A,117,1780126951.862178,Normal,none,All sensors within nominal operating range.,No action required.,0,
Zone-A,118,1780126951.862186,Normal,none,All sensors within nominal operating range.,No action required.,0,
Zone-A,119,1780126951.8621922,Normal,none,All sensors within nominal operating range.,No action required.,0,
Zone-A,120,1780126951.8622,Normal,none,All sensors within nominal operating range.,No action required.,0,
Zone-A,121,1780126951.862207,Normal,none,All sensors within nominal operating range.,No action required.,0,
Zone-A,122,1780126951.8622131,Normal,none,All sensors within nominal operating range.,No action required.,0,
Zone-A,123,1780126951.862221,Normal,none,All sensors within nominal operating range.,No action required.,0,
Zone-A,124,1780126951.862228,Normal,none,All sensors within nominal operating range.,No action required.,0,
Zone-A,125,1780126951.8622348,Critical,hard+iforest,Occupancy spike / ventilation insufficient,Increase fresh-air intake (raise outdoor-air damper set-point) and verify supply-fan VFD command.,2,"humidity,co2"
Zone-A,126,1780126951.8622432,Normal,none,All sensors within nominal operating range.,No action required.,0,
Zone-A,127,1780126951.86225,Normal,none,All sensors within nominal operating range.,No action required.,0,
Zone-A,128,1780126951.8622599,Normal,none,All sensors within nominal operating range.,No action required.,0,
Zone-A,129,1780126951.8622668,Normal,none,All sensors within nominal operating range.,No action required.,0,
Zone-A,130,1780126951.862274,Normal,none,All sensors within nominal operating range.,No action required.,0,
Zone-A,131,1780126951.8622808,Normal,none,All sensors within nominal operating range.,No action required.,0,
Zone-A,132,1780126951.8622878,Normal,none,All sensors within nominal operating range.,No action required.,0,
Zone-A,133,1780126951.8622952,Normal,none,All sensors within nominal operating range.,No action required.,0,
Zone-A,134,1780126951.862302,Normal,none,All sensors within nominal operating range.,No action required.,0,
Zone-A,135,1780126951.8623092,Normal,none,All sensors within nominal operating range.,No action required.,0,
Zone-A,136,1780126951.862315,Normal,none,All sensors within nominal operating range.,No action required.,0,
Zone-A,137,1780126951.8623219,Warning,zscore,Humidity anomaly,Check dehumidifier operation and possible water ingress in the zone.,1,humidity
Zone-A,138,1780126951.862331,Normal,none,All sensors within nominal operating range.,No action required.,0,
Zone-A,139,1780126951.862338,Normal,none,All sensors within nominal operating range.,No action required.,0,
Zone-A,140,1780126951.8623435,Normal,none,All sensors within nominal operating range.,No action required.,0,
Zone-A,141,1780126951.862349,Normal,none,All sensors within nominal operating range.,No action required.,0,
Zone-A,142,1780126951.862355,Normal,none,All sensors within nominal operating range.,No action required.,0,
Zone-A,143,1780126951.8623629,Normal,none,All sensors within nominal operating range.,No action required.,0,
Zone-A,144,1780126951.86237,Normal,none,All sensors within nominal operating range.,No action required.,0,
Zone-A,145,1780126951.862377,Normal,none,All sensors within nominal operating range.,No action required.,0,
Zone-A,146,1780126951.862384,Normal,none,All sensors within nominal operating range.,No action required.,0,
Zone-A,147,1780126951.862391,Normal,none,All sensors within nominal operating range.,No action required.,0,
Zone-A,148,1780126951.862398,Normal,none,All sensors within nominal operating range.,No action required.,0,
Zone-A,149,1780126951.862405,Normal,none,All sensors within nominal operating range.,No action required.,0,
Zone-A,150,1780126951.862412,Critical,hard+iforest,Occupancy spike / ventilation insufficient,Increase fresh-air intake (raise outdoor-air damper set-point) and verify supply-fan VFD command.,2,"humidity,co2"
Zone-A,151,1780126951.862421,Normal,none,All sensors within nominal operating range.,No action required.,0,
Zone-A,152,1780126951.862428,Normal,none,All sensors within nominal operating range.,No action required.,0,
Zone-A,153,1780126951.862435,Normal,none,All sensors within nominal operating range.,No action required.,0,
Zone-A,154,1780126951.862442,Warning,zscore,Elevated CO₂ — ventilation review,Raise outdoor-air damper position and verify exhaust-fan status.,1,co2
Zone-A,155,1780126951.862449,Normal,none,All sensors within nominal operating range.,No action required.,0,
Zone-A,156,1780126951.862456,Normal,none,All sensors within nominal operating range.,No action required.,0,
Zone-A,157,1780126951.862463,Normal,none,All sensors within nominal operating range.,No action required.,0,
Zone-A,158,1780126951.86247,Normal,none,All sensors within nominal operating range.,No action required.,0,
Zone-A,159,1780126951.862477,Normal,none,All sensors within nominal operating range.,No action required.,0,
Zone-A,160,1780126951.862484,Normal,none,All sensors within nominal operating range.,No action required.,0,
Zone-A,161,1780126951.862491,Normal,none,All sensors within nominal operating range.,No action required.,0,
Zone-A,162,1780126951.862498,Normal,none,All sensors within nominal operating range.,No action required.,0,
Zone-A,163,1780126951.862504,Normal,none,All sensors within nominal operating range.,No action required.,0,
Zone-A,164,1780126951.86251,Normal,none,All sensors within nominal operating range.,No action required.,0,
Zone-A,165,1780126951.8625169,Normal,none,All sensors within nominal operating range.,No action required.,0,
Zone-A,166,1780126951.8625238,Normal,none,All sensors within nominal operating range.,No action required.,0,
Zone-A,167,1780126951.8625298,Normal,none,All sensors within nominal operating range.,No action required.,0,
Zone-A,168,1780126951.862536,Normal,none,All sensors within nominal operating range.,No action required.,0,
Zone-A,169,1780126951.8625438,Normal,none,All sensors within nominal operating range.,No action required.,0,
Zone-A,170,1780126951.8625488,Normal,none,All sensors within nominal operating range.,No action required.,0,
Zone-A,171,1780126951.862554,Normal,none,All sensors within nominal operating range.,No action required.,0,
Zone-A,172,1780126951.862559,Normal,none,All sensors within nominal operating range.,No action required.,0,
Zone-A,173,1780126951.862566,Normal,none,All sensors within nominal operating range.,No action required.,0,
Zone-A,174,1780126951.862574,Normal,none,All sensors within nominal operating range.,No action required.,0,
Zone-A,175,1780126951.86258,Critical,hard,Occupancy spike / ventilation insufficient,Increase fresh-air intake (raise outdoor-air damper set-point) and verify supply-fan VFD command.,2,"humidity,co2"
Zone-A,176,1780126951.862589,Critical,hard+iforest,Heating loss or unintended ventilation,Check heating loop status and damper positions; inspect for an open door or window in the zone.,2,"temperature,humidity"
Zone-A,177,1780126951.862598,Normal,none,All sensors within nominal operating range.,No action required.,0,
Zone-A,178,1780126951.862605,Normal,none,All sensors within nominal operating range.,No action required.,0,
Zone-A,179,1780126951.862611,Warning,zscore,Unclassified anomaly,Review the listed sensor trip values and follow zone runbook.,1,power
Zone-A,180,1780126951.8626182,Normal,none,All sensors within nominal operating range.,No action required.,0,
Zone-A,181,1780126951.8626251,Normal,none,All sensors within nominal operating range.,No action required.,0,
Zone-A,182,1780126951.8626306,Normal,none,All sensors within nominal operating range.,No action required.,0,
Zone-A,183,1780126951.862636,Normal,none,All sensors within nominal operating range.,No action required.,0,
Zone-A,184,1780126951.862643,Normal,none,All sensors within nominal operating range.,No action required.,0,
Zone-A,185,1780126951.8626502,Normal,none,All sensors within nominal operating range.,No action required.,0,
Zone-A,186,1780126951.862657,Normal,none,All sensors within nominal operating range.,No action required.,0,
Zone-A,187,1780126951.862664,Normal,none,All sensors within nominal operating range.,No action required.,0,
Zone-A,188,1780126951.8626711,Normal,none,All sensors within nominal operating range.,No action required.,0,
Zone-A,189,1780126951.862678,Normal,none,All sensors within nominal operating range.,No action required.,0,
Zone-A,190,1780126951.862685,Normal,none,All sensors within nominal operating range.,No action required.,0,
Zone-A,191,1780126951.862692,Normal,none,All sensors within nominal operating range.,No action required.,0,
Zone-A,192,1780126951.8627,Normal,none,All sensors within nominal operating range.,No action required.,0,
Zone-A,193,1780126951.862707,Warning,zscore,Unclassified anomaly,Review the listed sensor trip values and follow zone runbook.,1,power
Zone-A,194,1780126951.862714,Normal,none,All sensors within nominal operating range.,No action required.,0,
Zone-A,195,1780126951.862721,Normal,none,All sensors within nominal operating range.,No action required.,0,
Zone-A,196,1780126951.8627264,Normal,none,All sensors within nominal operating range.,No action required.,0,
Zone-A,197,1780126951.862732,Normal,none,All sensors within nominal operating range.,No action required.,0,
Zone-A,198,1780126951.862741,Normal,none,All sensors within nominal operating range.,No action required.,0,
Zone-A,199,1780126951.862748,Normal,none,All sensors within nominal operating range.,No action required.,0,
Zone-B,0,1780126951.862755,Critical,hard+iforest,HVAC cooling failure,Inspect chiller and cooling tower status; verify supply-air temperature set-point; switch to backup AHU if available.,3,"temperature,humidity,co2"
Zone-B,1,1780126951.862765,Normal,none,All sensors within nominal operating range.,No action required.,0,
Zone-B,2,1780126951.862772,Critical,hard,Peak power load event,Identify the high-consumption circuit and consider load shedding non-critical equipment; verify no inrush from compressor restart.,1,power
Zone-B,3,1780126951.8627799,Normal,none,All sensors within nominal operating range.,No action required.,0,
Zone-B,4,1780126951.862787,Normal,none,All sensors within nominal operating range.,No action required.,0,
Zone-B,5,1780126951.8627925,Normal,none,All sensors within nominal operating range.,No action required.,0,
Zone-B,6,1780126951.862798,Normal,none,All sensors within nominal operating range.,No action required.,0,
Zone-B,7,1780126951.862805,Normal,none,All sensors within nominal operating range.,No action required.,0,
Zone-B,8,1780126951.8628118,Normal,none,All sensors within nominal operating range.,No action required.,0,
Zone-B,9,1780126951.862819,Normal,none,All sensors within nominal operating range.,No action required.,0,
Zone-B,10,1780126951.862828,Normal,none,All sensors within nominal operating range.,No action required.,0,
Zone-B,11,1780126951.862835,Normal,none,All sensors within nominal operating range.,No action required.,0,
Zone-B,12,1780126951.862842,Normal,none,All sensors within nominal operating range.,No action required.,0,
Zone-B,13,1780126951.862849,Normal,none,All sensors within nominal operating range.,No action required.,0,
Zone-B,14,1780126951.862856,Normal,none,All sensors within nominal operating range.,No action required.,0,
Zone-B,15,1780126951.8628614,Normal,none,All sensors within nominal operating range.,No action required.,0,
Zone-B,16,1780126951.8628669,Normal,none,All sensors within nominal operating range.,No action required.,0,
Zone-B,17,1780126951.8628724,Normal,none,All sensors within nominal operating range.,No action required.,0,
Zone-B,18,1780126951.8628778,Normal,none,All sensors within nominal operating range.,No action required.,0,
Zone-B,19,1780126951.8628836,Normal,none,All sensors within nominal operating range.,No action required.,0,
Zone-B,20,1780126951.862889,Critical,hard,Peak power load event,Identify the high-consumption circuit and consider load shedding non-critical equipment; verify no inrush from compressor restart.,1,power
Zone-B,21,1780126951.8628945,Normal,none,All sensors within nominal operating range.,No action required.,0,
Zone-B,22,1780126951.8629,Normal,none,All sensors within nominal operating range.,No action required.,0,
Zone-B,23,1780126951.862907,Normal,none,All sensors within nominal operating range.,No action required.,0,
Zone-B,24,1780126951.862914,Normal,none,All sensors within nominal operating range.,No action required.,0,
Zone-B,25,1780126951.862921,Critical,hard+iforest,HVAC cooling failure,Inspect chiller and cooling tower status; verify supply-air temperature set-point; switch to backup AHU if available.,3,"temperature,humidity,co2"
Zone-B,26,1780126951.8629298,Normal,none,All sensors within nominal operating range.,No action required.,0,
Zone-B,27,1780126951.862936,Normal,none,All sensors within nominal operating range.,No action required.,0,
Zone-B,28,1780126951.862942,Normal,none,All sensors within nominal operating range.,No action required.,0,
Zone-B,29,1780126951.8629475,Normal,none,All sensors within nominal operating range.,No action required.,0,
Zone-B,30,1780126951.862953,Normal,none,All sensors within nominal operating range.,No action required.,0,
Zone-B,31,1780126951.86296,Normal,none,All sensors within nominal operating range.,No action required.,0,
Zone-B,32,1780126951.862967,Normal,none,All sensors within nominal operating range.,No action required.,0,
Zone-B,33,1780126951.862975,Normal,none,All sensors within nominal operating range.,No action required.,0,
Zone-B,34,1780126951.8629818,Normal,none,All sensors within nominal operating range.,No action required.,0,
Zone-B,35,1780126951.862989,Normal,none,All sensors within nominal operating range.,No action required.,0,
Zone-B,36,1780126951.8629959,Normal,none,All sensors within nominal operating range.,No action required.,0,
Zone-B,37,1780126951.8630028,Normal,none,All sensors within nominal operating range.,No action required.,0,
Zone-B,38,1780126951.863009,Normal,none,All sensors within nominal operating range.,No action required.,0,
Zone-B,39,1780126951.863016,Normal,none,All sensors within nominal operating range.,No action required.,0,
Zone-B,40,1780126951.863023,Normal,none,All sensors within nominal operating range.,No action required.,0,
Zone-B,41,1780126951.86303,Normal,none,All sensors within nominal operating range.,No action required.,0,
Zone-B,42,1780126951.8630369,Normal,none,All sensors within nominal operating range.,No action required.,0,
Zone-B,43,1780126951.863044,Normal,none,All sensors within nominal operating range.,No action required.,0,
Zone-B,44,1780126951.863051,Critical,hard+iforest,Occupancy spike / ventilation insufficient,Increase fresh-air intake (raise outdoor-air damper set-point) and verify supply-fan VFD command.,2,"humidity,co2"
Zone-B,45,1780126951.863059,Normal,none,All sensors within nominal operating range.,No action required.,0,
Zone-B,46,1780126951.8630662,Normal,none,All sensors within nominal operating range.,No action required.,0,
Zone-B,47,1780126951.863073,Normal,none,All sensors within nominal operating range.,No action required.,0,
Zone-B,48,1780126951.86308,Normal,none,All sensors within nominal operating range.,No action required.,0,
Zone-B,49,1780126951.8630872,Normal,none,All sensors within nominal operating range.,No action required.,0,
Zone-B,50,1780126951.863094,Critical,hard,Peak power load event,Identify the high-consumption circuit and consider load shedding non-critical equipment; verify no inrush from compressor restart.,1,power
Zone-B,51,1780126951.863102,Normal,none,All sensors within nominal operating range.,No action required.,0,
Zone-B,52,1780126951.863111,Normal,none,All sensors within nominal operating range.,No action required.,0,
Zone-B,53,1780126951.8631182,Normal,none,All sensors within nominal operating range.,No action required.,0,
Zone-B,54,1780126951.863125,Normal,none,All sensors within nominal operating range.,No action required.,0,
Zone-B,55,1780126951.863132,Normal,none,All sensors within nominal operating range.,No action required.,0,
Zone-B,56,1780126951.8631392,Normal,none,All sensors within nominal operating range.,No action required.,0,
Zone-B,57,1780126951.863148,Normal,none,All sensors within nominal operating range.,No action required.,0,
Zone-B,58,1780126951.863155,Normal,none,All sensors within nominal operating range.,No action required.,0,
Zone-B,59,1780126951.863162,Normal,none,All sensors within nominal operating range.,No action required.,0,
Zone-B,60,1780126951.863168,Warning,zscore,Humidity anomaly,Check dehumidifier operation and possible water ingress in the zone.,1,humidity
Zone-B,61,1780126951.8631759,Normal,none,All sensors within nominal operating range.,No action required.,0,
Zone-B,62,1780126951.863183,Normal,none,All sensors within nominal operating range.,No action required.,0,
Zone-B,63,1780126951.86319,Normal,none,All sensors within nominal operating range.,No action required.,0,
Zone-B,64,1780126951.8631968,Normal,none,All sensors within nominal operating range.,No action required.,0,
Zone-B,65,1780126951.863204,Normal,none,All sensors within nominal operating range.,No action required.,0,
Zone-B,66,1780126951.863211,Normal,none,All sensors within nominal operating range.,No action required.,0,
Zone-B,67,1780126951.8632169,Normal,none,All sensors within nominal operating range.,No action required.,0,
Zone-B,68,1780126951.863224,Normal,none,All sensors within nominal operating range.,No action required.,0,
Zone-B,69,1780126951.863232,Normal,none,All sensors within nominal operating range.,No action required.,0,
Zone-B,70,1780126951.8632374,Normal,none,All sensors within nominal operating range.,No action required.,0,
Zone-B,71,1780126951.863243,Normal,none,All sensors within nominal operating range.,No action required.,0,
Zone-B,72,1780126951.86325,Normal,none,All sensors within nominal operating range.,No action required.,0,
Zone-B,73,1780126951.8632555,Normal,none,All sensors within nominal operating range.,No action required.,0,
Zone-B,74,1780126951.863261,Normal,none,All sensors within nominal operating range.,No action required.,0,
Zone-B,75,1780126951.8632681,Critical,hard+iforest,Peak power load event,Identify the high-consumption circuit and consider load shedding non-critical equipment; verify no inrush from compressor restart.,1,power
Zone-B,76,1780126951.863276,Normal,none,All sensors within nominal operating range.,No action required.,0,
Zone-B,77,1780126951.863283,Normal,none,All sensors within nominal operating range.,No action required.,0,
Zone-B,78,1780126951.8632884,Normal,none,All sensors within nominal operating range.,No action required.,0,
Zone-B,79,1780126951.863294,Normal,none,All sensors within nominal operating range.,No action required.,0,
Zone-B,80,1780126951.863301,Normal,none,All sensors within nominal operating range.,No action required.,0,
Zone-B,81,1780126951.863308,Normal,none,All sensors within nominal operating range.,No action required.,0,
Zone-B,82,1780126951.8633149,Normal,none,All sensors within nominal operating range.,No action required.,0,
Zone-B,83,1780126951.863322,Normal,none,All sensors within nominal operating range.,No action required.,0,
Zone-B,84,1780126951.863329,Normal,none,All sensors within nominal operating range.,No action required.,0,
Zone-B,85,1780126951.8633351,Normal,none,All sensors within nominal operating range.,No action required.,0,
Zone-B,86,1780126951.863341,Normal,none,All sensors within nominal operating range.,No action required.,0,
Zone-B,87,1780126951.863347,Normal,none,All sensors within nominal operating range.,No action required.,0,
Zone-B,88,1780126951.8633542,Normal,none,All sensors within nominal operating range.,No action required.,0,
Zone-B,89,1780126951.863362,Normal,none,All sensors within nominal operating range.,No action required.,0,
Zone-B,90,1780126951.863369,Normal,none,All sensors within nominal operating range.,No action required.,0,
Zone-B,91,1780126951.863376,Normal,none,All sensors within nominal operating range.,No action required.,0,
Zone-B,92,1780126951.863383,Normal,none,All sensors within nominal operating range.,No action required.,0,
Zone-B,93,1780126951.863391,Normal,none,All sensors within nominal operating range.,No action required.,0,
Zone-B,94,1780126951.8633978,Normal,none,All sensors within nominal operating range.,No action required.,0,
Zone-B,95,1780126951.863405,Normal,none,All sensors within nominal operating range.,No action required.,0,
Zone-B,96,1780126951.863412,Normal,none,All sensors within nominal operating range.,No action required.,0,
Zone-B,97,1780126951.8634188,Normal,none,All sensors within nominal operating range.,No action required.,0,
Zone-B,98,1780126951.8634272,Normal,none,All sensors within nominal operating range.,No action required.,0,
Zone-B,99,1780126951.863433,Warning,zscore,Heating loss or unintended ventilation,Check heating loop status and damper positions; inspect for an open door or window in the zone.,1,temperature
Zone-B,100,1780126951.8634398,Critical,hard+zscore+iforest,Heating loss or unintended ventilation,Check heating loop status and damper positions; inspect for an open door or window in the zone.,2,"temperature,humidity"
Zone-B,101,1780126951.8634481,Normal,none,All sensors within nominal operating range.,No action required.,0,
Zone-B,102,1780126951.8634539,Normal,none,All sensors within nominal operating range.,No action required.,0,
Zone-B,103,1780126951.86346,Normal,none,All sensors within nominal operating range.,No action required.,0,
Zone-B,104,1780126951.863467,Normal,none,All sensors within nominal operating range.,No action required.,0,
Zone-B,105,1780126951.863473,Normal,none,All sensors within nominal operating range.,No action required.,0,
Zone-B,106,1780126951.86348,Normal,none,All sensors within nominal operating range.,No action required.,0,
Zone-B,107,1780126951.863486,Normal,none,All sensors within nominal operating range.,No action required.,0,
Zone-B,108,1780126951.863492,Normal,none,All sensors within nominal operating range.,No action required.,0,
Zone-B,109,1780126951.8635,Normal,none,All sensors within nominal operating range.,No action required.,0,
Zone-B,110,1780126951.8635058,Normal,none,All sensors within nominal operating range.,No action required.,0,
Zone-B,111,1780126951.863513,Normal,none,All sensors within nominal operating range.,No action required.,0,
Zone-B,112,1780126951.8635175,Normal,none,All sensors within nominal operating range.,No action required.,0,
Zone-B,113,1780126951.8635223,Normal,none,All sensors within nominal operating range.,No action required.,0,
Zone-B,114,1780126951.8635268,Normal,none,All sensors within nominal operating range.,No action required.,0,
Zone-B,115,1780126951.863533,Normal,none,All sensors within nominal operating range.,No action required.,0,
Zone-B,116,1780126951.863539,Normal,none,All sensors within nominal operating range.,No action required.,0,
Zone-B,117,1780126951.8635468,Normal,none,All sensors within nominal operating range.,No action required.,0,
Zone-B,118,1780126951.863554,Normal,none,All sensors within nominal operating range.,No action required.,0,
Zone-B,119,1780126951.86356,Normal,none,All sensors within nominal operating range.,No action required.,0,
Zone-B,120,1780126951.863567,Normal,none,All sensors within nominal operating range.,No action required.,0,
Zone-B,121,1780126951.863573,Normal,none,All sensors within nominal operating range.,No action required.,0,
Zone-B,122,1780126951.86358,Normal,none,All sensors within nominal operating range.,No action required.,0,
Zone-B,123,1780126951.863586,Normal,none,All sensors within nominal operating range.,No action required.,0,
Zone-B,124,1780126951.8635929,Normal,none,All sensors within nominal operating range.,No action required.,0,
Zone-B,125,1780126951.863599,Critical,hard+iforest,Peak power load event,Identify the high-consumption circuit and consider load shedding non-critical equipment; verify no inrush from compressor restart.,1,power
Zone-B,126,1780126951.863606,Normal,none,All sensors within nominal operating range.,No action required.,0,
Zone-B,127,1780126951.863613,Normal,none,All sensors within nominal operating range.,No action required.,0,
Zone-B,128,1780126951.863619,Normal,none,All sensors within nominal operating range.,No action required.,0,
Zone-B,129,1780126951.863626,Normal,none,All sensors within nominal operating range.,No action required.,0,
Zone-B,130,1780126951.863632,Normal,none,All sensors within nominal operating range.,No action required.,0,
Zone-B,131,1780126951.863639,Normal,none,All sensors within nominal operating range.,No action required.,0,
Zone-B,132,1780126951.8636448,Normal,none,All sensors within nominal operating range.,No action required.,0,
Zone-B,133,1780126951.8636532,Normal,none,All sensors within nominal operating range.,No action required.,0,
Zone-B,134,1780126951.863659,Normal,none,All sensors within nominal operating range.,No action required.,0,
Zone-B,135,1780126951.8636658,Normal,none,All sensors within nominal operating range.,No action required.,0,
Zone-B,136,1780126951.863672,Normal,none,All sensors within nominal operating range.,No action required.,0,
Zone-B,137,1780126951.863677,Normal,none,All sensors within nominal operating range.,No action required.,0,
Zone-B,138,1780126951.863682,Normal,none,All sensors within nominal operating range.,No action required.,0,
Zone-B,139,1780126951.863688,Warning,zscore,Temperature drift,Verify set-point compliance and inspect zone VAV box.,1,temperature
Zone-B,140,1780126951.8636951,Normal,none,All sensors within nominal operating range.,No action required.,0,
Zone-B,141,1780126951.863702,Normal,none,All sensors within nominal operating range.,No action required.,0,
Zone-B,142,1780126951.863708,Critical,hard,Peak power load event,Identify the high-consumption circuit and consider load shedding non-critical equipment; verify no inrush from compressor restart.,1,power
Zone-B,143,1780126951.8637161,Normal,none,All sensors within nominal operating range.,No action required.,0,
Zone-B,144,1780126951.8637211,Normal,none,All sensors within nominal operating range.,No action required.,0,
Zone-B,145,1780126951.8637261,Normal,none,All sensors within nominal operating range.,No action required.,0,
Zone-B,146,1780126951.863733,Normal,none,All sensors within nominal operating range.,No action required.,0,
Zone-B,147,1780126951.8637388,Critical,hard+iforest,Heating loss or unintended ventilation,Check heating loop status and damper positions; inspect for an open door or window in the zone.,2,"temperature,humidity"
Zone-B,148,1780126951.8637471,Normal,none,All sensors within nominal operating range.,No action required.,0,
Zone-B,149,1780126951.8637528,Normal,none,All sensors within nominal operating range.,No action required.,0,
Zone-B,150,1780126951.8637598,Critical,hard+iforest,HVAC cooling failure,Inspect chiller and cooling tower status; verify supply-air temperature set-point; switch to backup AHU if available.,3,"temperature,humidity,co2"
Zone-B,151,1780126951.863768,Normal,none,All sensors within nominal operating range.,No action required.,0,
Zone-B,152,1780126951.863775,Normal,none,All sensors within nominal operating range.,No action required.,0,
Zone-B,153,1780126951.863782,Normal,none,All sensors within nominal operating range.,No action required.,0,
Zone-B,154,1780126951.8637881,Normal,none,All sensors within nominal operating range.,No action required.,0,
Zone-B,155,1780126951.863795,Normal,none,All sensors within nominal operating range.,No action required.,0,
Zone-B,156,1780126951.863801,Normal,none,All sensors within nominal operating range.,No action required.,0,
Zone-B,157,1780126951.863808,Normal,none,All sensors within nominal operating range.,No action required.,0,
Zone-B,158,1780126951.8638139,Normal,none,All sensors within nominal operating range.,No action required.,0,
Zone-B,159,1780126951.8638194,Normal,none,All sensors within nominal operating range.,No action required.,0,
Zone-B,160,1780126951.8638246,Normal,none,All sensors within nominal operating range.,No action required.,0,
Zone-B,161,1780126951.86383,Normal,none,All sensors within nominal operating range.,No action required.,0,
Zone-B,162,1780126951.8638358,Normal,none,All sensors within nominal operating range.,No action required.,0,
Zone-B,163,1780126951.863843,Normal,none,All sensors within nominal operating range.,No action required.,0,
Zone-B,164,1780126951.863849,Normal,none,All sensors within nominal operating range.,No action required.,0,
Zone-B,165,1780126951.863856,Normal,none,All sensors within nominal operating range.,No action required.,0,
Zone-B,166,1780126951.863862,Normal,none,All sensors within nominal operating range.,No action required.,0,
Zone-B,167,1780126951.863869,Normal,none,All sensors within nominal operating range.,No action required.,0,
Zone-B,168,1780126951.8638752,Normal,none,All sensors within nominal operating range.,No action required.,0,
Zone-B,169,1780126951.8638809,Normal,none,All sensors within nominal operating range.,No action required.,0,
Zone-B,170,1780126951.8638878,Normal,none,All sensors within nominal operating range.,No action required.,0,
Zone-B,171,1780126951.863894,Normal,none,All sensors within nominal operating range.,No action required.,0,
Zone-B,172,1780126951.863901,Normal,none,All sensors within nominal operating range.,No action required.,0,
Zone-B,173,1780126951.863907,Normal,none,All sensors within nominal operating range.,No action required.,0,
Zone-B,174,1780126951.863915,Normal,none,All sensors within nominal operating range.,No action required.,0,
Zone-B,175,1780126951.8639228,Critical,hard+iforest,Possible fire / thermal event,Verify smoke and heat detectors; dispatch on-site inspection; isolate affected HVAC zone and prepare evacuation protocol if confirmed.,3,"power,temperature,co2"
Zone-B,176,1780126951.863932,Normal,none,All sensors within nominal operating range.,No action required.,0,
Zone-B,177,1780126951.863938,Normal,none,All sensors within nominal operating range.,No action required.,0,
Zone-B,178,1780126951.863943,Normal,none,All sensors within nominal operating range.,No action required.,0,
Zone-B,179,1780126951.863948,Normal,none,All sensors within nominal operating range.,No action required.,0,
Zone-B,180,1780126951.863955,Critical,hard+iforest,Possible fire / thermal event,Verify smoke and heat detectors; dispatch on-site inspection; isolate affected HVAC zone and prepare evacuation protocol if confirmed.,3,"power,temperature,co2"
Zone-B,181,1780126951.863963,Normal,none,All sensors within nominal operating range.,No action required.,0,
Zone-B,182,1780126951.86397,Normal,none,All sensors within nominal operating range.,No action required.,0,
Zone-B,183,1780126951.863976,Normal,none,All sensors within nominal operating range.,No action required.,0,
Zone-B,184,1780126951.8639815,Normal,none,All sensors within nominal operating range.,No action required.,0,
Zone-B,185,1780126951.863987,Normal,none,All sensors within nominal operating range.,No action required.,0,
Zone-B,186,1780126951.8639941,Normal,none,All sensors within nominal operating range.,No action required.,0,
Zone-B,187,1780126951.864,Normal,none,All sensors within nominal operating range.,No action required.,0,
Zone-B,188,1780126951.8640058,Normal,none,All sensors within nominal operating range.,No action required.,0,
Zone-B,189,1780126951.864013,Normal,none,All sensors within nominal operating range.,No action required.,0,
Zone-B,190,1780126951.864019,Normal,none,All sensors within nominal operating range.,No action required.,0,
Zone-B,191,1780126951.864026,Warning,zscore,Humidity anomaly,Check dehumidifier operation and possible water ingress in the zone.,1,humidity
Zone-B,192,1780126951.864032,Normal,none,All sensors within nominal operating range.,No action required.,0,
Zone-B,193,1780126951.864039,Normal,none,All sensors within nominal operating range.,No action required.,0,
Zone-B,194,1780126951.8640451,Normal,none,All sensors within nominal operating range.,No action required.,0,
Zone-B,195,1780126951.864052,Normal,none,All sensors within nominal operating range.,No action required.,0,
Zone-B,196,1780126951.864058,Normal,none,All sensors within nominal operating range.,No action required.,0,
Zone-B,197,1780126951.864065,Normal,none,All sensors within nominal operating range.,No action required.,0,
Zone-B,198,1780126951.864071,Normal,none,All sensors within nominal operating range.,No action required.,0,
Zone-B,199,1780126951.864078,Normal,none,All sensors within nominal operating range.,No action required.,0,
Zone-C,0,1780126951.864085,Critical,hard,HVAC cooling failure,Inspect chiller and cooling tower status; verify supply-air temperature set-point; switch to backup AHU if available.,3,"temperature,humidity,co2"
Zone-C,1,1780126951.864091,Critical,zscore,HVAC cooling failure,Inspect chiller and cooling tower status; verify supply-air temperature set-point; switch to backup AHU if available.,3,"temperature,humidity,co2"
Zone-C,2,1780126951.864097,Normal,none,All sensors within nominal operating range.,No action required.,0,
Zone-C,3,1780126951.864104,Normal,none,All sensors within nominal operating range.,No action required.,0,
Zone-C,4,1780126951.86411,Normal,none,All sensors within nominal operating range.,No action required.,0,
Zone-C,5,1780126951.864117,Normal,none,All sensors within nominal operating range.,No action required.,0,
Zone-C,6,1780126951.8641238,Normal,none,All sensors within nominal operating range.,No action required.,0,
Zone-C,7,1780126951.86413,Normal,none,All sensors within nominal operating range.,No action required.,0,
Zone-C,8,1780126951.864137,Normal,none,All sensors within nominal operating range.,No action required.,0,
Zone-C,9,1780126951.8641431,Normal,none,All sensors within nominal operating range.,No action required.,0,
Zone-C,10,1780126951.86415,Normal,none,All sensors within nominal operating range.,No action required.,0,
Zone-C,11,1780126951.864156,Warning,zscore,Heating loss or unintended ventilation,Check heating loop status and damper positions; inspect for an open door or window in the zone.,1,temperature
Zone-C,12,1780126951.8641632,Critical,hard,Occupancy spike / ventilation insufficient,Increase fresh-air intake (raise outdoor-air damper set-point) and verify supply-fan VFD command.,2,"humidity,co2"
Zone-C,13,1780126951.864171,Normal,none,All sensors within nominal operating range.,No action required.,0,
Zone-C,14,1780126951.864179,Normal,none,All sensors within nominal operating range.,No action required.,0,
Zone-C,15,1780126951.864186,Normal,none,All sensors within nominal operating range.,No action required.,0,
Zone-C,16,1780126951.864192,Normal,none,All sensors within nominal operating range.,No action required.,0,
Zone-C,17,1780126951.864199,Normal,none,All sensors within nominal operating range.,No action required.,0,
Zone-C,18,1780126951.864204,Critical,zscore,Peak power load event,Identify the high-consumption circuit and consider load shedding non-critical equipment; verify no inrush from compressor restart.,1,power
Zone-C,19,1780126951.864209,Critical,hard,Peak power load event,Identify the high-consumption circuit and consider load shedding non-critical equipment; verify no inrush from compressor restart.,1,power
Zone-C,20,1780126951.864216,Normal,none,All sensors within nominal operating range.,No action required.,0,
Zone-C,21,1780126951.8642216,Normal,none,All sensors within nominal operating range.,No action required.,0,
Zone-C,22,1780126951.864227,Normal,none,All sensors within nominal operating range.,No action required.,0,
Zone-C,23,1780126951.864233,Normal,none,All sensors within nominal operating range.,No action required.,0,
Zone-C,24,1780126951.8642402,Normal,none,All sensors within nominal operating range.,No action required.,0,
Zone-C,25,1780126951.8642461,Critical,hard+iforest,Possible fire / thermal event,Verify smoke and heat detectors; dispatch on-site inspection; isolate affected HVAC zone and prepare evacuation protocol if confirmed.,3,"power,temperature,co2"
Zone-C,26,1780126951.864254,Normal,none,All sensors within nominal operating range.,No action required.,0,
Zone-C,27,1780126951.8642612,Normal,none,All sensors within nominal operating range.,No action required.,0,
Zone-C,28,1780126951.864267,Normal,none,All sensors within nominal operating range.,No action required.,0,
Zone-C,29,1780126951.864274,Normal,none,All sensors within nominal operating range.,No action required.,0,
Zone-C,30,1780126951.86428,Normal,none,All sensors within nominal operating range.,No action required.,0,
Zone-C,31,1780126951.864287,Normal,none,All sensors within nominal operating range.,No action required.,0,
Zone-C,32,1780126951.864293,Normal,none,All sensors within nominal operating range.,No action required.,0,
Zone-C,33,1780126951.8643,Normal,none,All sensors within nominal operating range.,No action required.,0,
Zone-C,34,1780126951.8643079,Normal,none,All sensors within nominal operating range.,No action required.,0,
Zone-C,35,1780126951.864314,Critical,hard+iforest,HVAC cooling failure,Inspect chiller and cooling tower status; verify supply-air temperature set-point; switch to backup AHU if available.,3,"temperature,humidity,co2"
Zone-C,36,1780126951.864322,Normal,none,All sensors within nominal operating range.,No action required.,0,
Zone-C,37,1780126951.8643274,Normal,none,All sensors within nominal operating range.,No action required.,0,
Zone-C,38,1780126951.8643332,Normal,none,All sensors within nominal operating range.,No action required.,0,
Zone-C,39,1780126951.8643389,Normal,none,All sensors within nominal operating range.,No action required.,0,
Zone-C,40,1780126951.864345,Warning,zscore,Unclassified anomaly,Review the listed sensor trip values and follow zone runbook.,1,power
Zone-C,41,1780126951.864352,Normal,none,All sensors within nominal operating range.,No action required.,0,
Zone-C,42,1780126951.864358,Normal,none,All sensors within nominal operating range.,No action required.,0,
Zone-C,43,1780126951.864365,Normal,none,All sensors within nominal operating range.,No action required.,0,
Zone-C,44,1780126951.864371,Critical,hard+iforest,Occupancy spike / ventilation insufficient,Increase fresh-air intake (raise outdoor-air damper set-point) and verify supply-fan VFD command.,2,"humidity,co2"
Zone-C,45,1780126951.864377,Critical,zscore,Occupancy spike / ventilation insufficient,Increase fresh-air intake (raise outdoor-air damper set-point) and verify supply-fan VFD command.,2,"humidity,co2"
Zone-C,46,1780126951.864383,Normal,none,All sensors within nominal operating range.,No action required.,0,
Zone-C,47,1780126951.86439,Normal,none,All sensors within nominal operating range.,No action required.,0,
Zone-C,48,1780126951.864397,Normal,none,All sensors within nominal operating range.,No action required.,0,
Zone-C,49,1780126951.864403,Normal,none,All sensors within nominal operating range.,No action required.,0,
Zone-C,50,1780126951.8644102,Critical,hard+zscore+iforest,Possible fire / thermal event,Verify smoke and heat detectors; dispatch on-site inspection; isolate affected HVAC zone and prepare evacuation protocol if confirmed.,3,"power,temperature,co2"
Zone-C,51,1780126951.864418,Normal,none,All sensors within nominal operating range.,No action required.,0,
Zone-C,52,1780126951.864424,Normal,none,All sensors within nominal operating range.,No action required.,0,
Zone-C,53,1780126951.8644295,Critical,hard+zscore,Possible fire / thermal event,Verify smoke and heat detectors; dispatch on-site inspection; isolate affected HVAC zone and prepare evacuation protocol if confirmed.,3,"power,temperature,co2"
Zone-C,54,1780126951.864435,Critical,hard+zscore+iforest,Possible fire / thermal event,Verify smoke and heat detectors; dispatch on-site inspection; isolate affected HVAC zone and prepare evacuation protocol if confirmed.,3,"power,temperature,co2"
Zone-C,55,1780126951.8644428,Normal,none,All sensors within nominal operating range.,No action required.,0,
Zone-C,56,1780126951.8644512,Normal,none,All sensors within nominal operating range.,No action required.,0,
Zone-C,57,1780126951.864458,Normal,none,All sensors within nominal operating range.,No action required.,0,
Zone-C,58,1780126951.864465,Normal,none,All sensors within nominal operating range.,No action required.,0,
Zone-C,59,1780126951.864471,Normal,none,All sensors within nominal operating range.,No action required.,0,
Zone-C,60,1780126951.8644779,Normal,none,All sensors within nominal operating range.,No action required.,0,
Zone-C,61,1780126951.864484,Critical,hard,HVAC cooling failure,Inspect chiller and cooling tower status; verify supply-air temperature set-point; switch to backup AHU if available.,3,"temperature,humidity,co2"
Zone-C,62,1780126951.864492,Normal,none,All sensors within nominal operating range.,No action required.,0,
Zone-C,63,1780126951.8644989,Normal,none,All sensors within nominal operating range.,No action required.,0,
Zone-C,64,1780126951.864505,Normal,none,All sensors within nominal operating range.,No action required.,0,
Zone-C,65,1780126951.864512,Normal,none,All sensors within nominal operating range.,No action required.,0,
Zone-C,66,1780126951.864518,Warning,zscore,Temperature drift,Verify set-point compliance and inspect zone VAV box.,1,temperature
Zone-C,67,1780126951.864525,Normal,none,All sensors within nominal operating range.,No action required.,0,
Zone-C,68,1780126951.864531,Normal,none,All sensors within nominal operating range.,No action required.,0,
Zone-C,69,1780126951.8645382,Normal,none,All sensors within nominal operating range.,No action required.,0,
Zone-C,70,1780126951.864544,Normal,none,All sensors within nominal operating range.,No action required.,0,
Zone-C,71,1780126951.8645499,Normal,none,All sensors within nominal operating range.,No action required.,0,
Zone-C,72,1780126951.864557,Normal,none,All sensors within nominal operating range.,No action required.,0,
Zone-C,73,1780126951.864563,Normal,none,All sensors within nominal operating range.,No action required.,0,
Zone-C,74,1780126951.8645701,Normal,none,All sensors within nominal operating range.,No action required.,0,
Zone-C,75,1780126951.864577,Critical,hard+iforest,Heating loss or unintended ventilation,Check heating loop status and damper positions; inspect for an open door or window in the zone.,2,"temperature,humidity"
Zone-C,76,1780126951.864584,Normal,none,All sensors within nominal operating range.,No action required.,0,
Zone-C,77,1780126951.8645911,Normal,none,All sensors within nominal operating range.,No action required.,0,
Zone-C,78,1780126951.864598,Normal,none,All sensors within nominal operating range.,No action required.,0,
Zone-C,79,1780126951.864604,Normal,none,All sensors within nominal operating range.,No action required.,0,
Zone-C,80,1780126951.8646111,Normal,none,All sensors within nominal operating range.,No action required.,0,
Zone-C,81,1780126951.8646169,Normal,none,All sensors within nominal operating range.,No action required.,0,
Zone-C,82,1780126951.864624,Normal,none,All sensors within nominal operating range.,No action required.,0,
Zone-C,83,1780126951.86463,Normal,none,All sensors within nominal operating range.,No action required.,0,
Zone-C,84,1780126951.864636,Critical,hard+iforest,Possible fire / thermal event,Verify smoke and heat detectors; dispatch on-site inspection; isolate affected HVAC zone and prepare evacuation protocol if confirmed.,3,"power,temperature,co2"
Zone-C,85,1780126951.864645,Normal,none,All sensors within nominal operating range.,No action required.,0,
Zone-C,86,1780126951.864651,Normal,none,All sensors within nominal operating range.,No action required.,0,
Zone-C,87,1780126951.8646579,Normal,none,All sensors within nominal operating range.,No action required.,0,
Zone-C,88,1780126951.864664,Normal,none,All sensors within nominal operating range.,No action required.,0,
Zone-C,89,1780126951.864671,Normal,none,All sensors within nominal operating range.,No action required.,0,
Zone-C,90,1780126951.8646772,Normal,none,All sensors within nominal operating range.,No action required.,0,
Zone-C,91,1780126951.864684,Normal,none,All sensors within nominal operating range.,No action required.,0,
Zone-C,92,1780126951.864691,Normal,none,All sensors within nominal operating range.,No action required.,0,
Zone-C,93,1780126951.8646982,Normal,none,All sensors within nominal operating range.,No action required.,0,
Zone-C,94,1780126951.864705,Normal,none,All sensors within nominal operating range.,No action required.,0,
Zone-C,95,1780126951.8647106,Normal,none,All sensors within nominal operating range.,No action required.,0,
Zone-C,96,1780126951.864716,Normal,none,All sensors within nominal operating range.,No action required.,0,
Zone-C,97,1780126951.8647215,Normal,none,All sensors within nominal operating range.,No action required.,0,
Zone-C,98,1780126951.864727,Normal,none,All sensors within nominal operating range.,No action required.,0,
Zone-C,99,1780126951.864733,Normal,none,All sensors within nominal operating range.,No action required.,0,
Zone-C,100,1780126951.8647401,Critical,hard,Occupancy spike / ventilation insufficient,Increase fresh-air intake (raise outdoor-air damper set-point) and verify supply-fan VFD command.,2,"humidity,co2"
Zone-C,101,1780126951.864747,Normal,none,All sensors within nominal operating range.,No action required.,0,
Zone-C,102,1780126951.864752,Normal,none,All sensors within nominal operating range.,No action required.,0,
Zone-C,103,1780126951.864757,Normal,none,All sensors within nominal operating range.,No action required.,0,
Zone-C,104,1780126951.864762,Normal,none,All sensors within nominal operating range.,No action required.,0,
Zone-C,105,1780126951.8647676,Normal,none,All sensors within nominal operating range.,No action required.,0,
Zone-C,106,1780126951.864773,Normal,none,All sensors within nominal operating range.,No action required.,0,
Zone-C,107,1780126951.864778,Normal,none,All sensors within nominal operating range.,No action required.,0,
Zone-C,108,1780126951.864783,Normal,none,All sensors within nominal operating range.,No action required.,0,
Zone-C,109,1780126951.86479,Warning,zscore,Peak power load event,Identify the high-consumption circuit and consider load shedding non-critical equipment; verify no inrush from compressor restart.,1,power
Zone-C,110,1780126951.8647969,Normal,none,All sensors within nominal operating range.,No action required.,0,
Zone-C,111,1780126951.864803,Critical,hard,HVAC cooling failure,Inspect chiller and cooling tower status; verify supply-air temperature set-point; switch to backup AHU if available.,3,"temperature,humidity,co2"
Zone-C,112,1780126951.864811,Normal,none,All sensors within nominal operating range.,No action required.,0,
Zone-C,113,1780126951.8648179,Normal,none,All sensors within nominal operating range.,No action required.,0,
Zone-C,114,1780126951.864824,Normal,none,All sensors within nominal operating range.,No action required.,0,
Zone-C,115,1780126951.864831,Normal,none,All sensors within nominal operating range.,No action required.,0,
Zone-C,116,1780126951.8648372,Normal,none,All sensors within nominal operating range.,No action required.,0,
Zone-C,117,1780126951.864844,Normal,none,All sensors within nominal operating range.,No action required.,0,
Zone-C,118,1780126951.8648498,Normal,none,All sensors within nominal operating range.,No action required.,0,
Zone-C,119,1780126951.8648572,Normal,none,All sensors within nominal operating range.,No action required.,0,
Zone-C,120,1780126951.864863,Normal,none,All sensors within nominal operating range.,No action required.,0,
Zone-C,121,1780126951.8648698,Normal,none,All sensors within nominal operating range.,No action required.,0,
Zone-C,122,1780126951.864876,Warning,zscore,Elevated CO₂ — ventilation review,Raise outdoor-air damper position and verify exhaust-fan status.,1,co2
Zone-C,123,1780126951.864883,Normal,none,All sensors within nominal operating range.,No action required.,0,
Zone-C,124,1780126951.8648891,Normal,none,All sensors within nominal operating range.,No action required.,0,
Zone-C,125,1780126951.864896,Critical,hard+iforest,Heating loss or unintended ventilation,Check heating loop status and damper positions; inspect for an open door or window in the zone.,2,"temperature,humidity"
Zone-C,126,1780126951.864904,Normal,none,All sensors within nominal operating range.,No action required.,0,
Zone-C,127,1780126951.8649101,Normal,none,All sensors within nominal operating range.,No action required.,0,
Zone-C,128,1780126951.8649156,Normal,none,All sensors within nominal operating range.,No action required.,0,
Zone-C,129,1780126951.864921,Normal,none,All sensors within nominal operating range.,No action required.,0,
Zone-C,130,1780126951.864927,Normal,none,All sensors within nominal operating range.,No action required.,0,
Zone-C,131,1780126951.864934,Normal,none,All sensors within nominal operating range.,No action required.,0,
Zone-C,132,1780126951.86494,Normal,none,All sensors within nominal operating range.,No action required.,0,
Zone-C,133,1780126951.8649468,Normal,none,All sensors within nominal operating range.,No action required.,0,
Zone-C,134,1780126951.864953,Normal,none,All sensors within nominal operating range.,No action required.,0,
Zone-C,135,1780126951.86496,Normal,none,All sensors within nominal operating range.,No action required.,0,
Zone-C,136,1780126951.864966,Normal,none,All sensors within nominal operating range.,No action required.,0,
Zone-C,137,1780126951.8649719,Normal,none,All sensors within nominal operating range.,No action required.,0,
Zone-C,138,1780126951.8649778,Normal,none,All sensors within nominal operating range.,No action required.,0,
Zone-C,139,1780126951.864985,Normal,none,All sensors within nominal operating range.,No action required.,0,
Zone-C,140,1780126951.864992,Normal,none,All sensors within nominal operating range.,No action required.,0,
Zone-C,141,1780126951.8649988,Normal,none,All sensors within nominal operating range.,No action required.,0,
Zone-C,142,1780126951.865005,Normal,none,All sensors within nominal operating range.,No action required.,0,
Zone-C,143,1780126951.865011,Normal,none,All sensors within nominal operating range.,No action required.,0,
Zone-C,144,1780126951.8650181,Normal,none,All sensors within nominal operating range.,No action required.,0,
Zone-C,145,1780126951.865024,Normal,none,All sensors within nominal operating range.,No action required.,0,
Zone-C,146,1780126951.865031,Normal,none,All sensors within nominal operating range.,No action required.,0,
Zone-C,147,1780126951.865037,Normal,none,All sensors within nominal operating range.,No action required.,0,
Zone-C,148,1780126951.8650427,Normal,none,All sensors within nominal operating range.,No action required.,0,
Zone-C,149,1780126951.8650482,Normal,none,All sensors within nominal operating range.,No action required.,0,
Zone-C,150,1780126951.865054,Critical,hard+iforest,Possible fire / thermal event,Verify smoke and heat detectors; dispatch on-site inspection; isolate affected HVAC zone and prepare evacuation protocol if confirmed.,3,"power,temperature,co2"
Zone-C,151,1780126951.865062,Normal,none,All sensors within nominal operating range.,No action required.,0,
Zone-C,152,1780126951.8650692,Normal,none,All sensors within nominal operating range.,No action required.,0,
Zone-C,153,1780126951.865078,Normal,none,All sensors within nominal operating range.,No action required.,0,
Zone-C,154,1780126951.865084,Normal,none,All sensors within nominal operating range.,No action required.,0,
Zone-C,155,1780126951.865091,Normal,none,All sensors within nominal operating range.,No action required.,0,
Zone-C,156,1780126951.865096,Normal,none,All sensors within nominal operating range.,No action required.,0,
Zone-C,157,1780126951.865101,Normal,none,All sensors within nominal operating range.,No action required.,0,
Zone-C,158,1780126951.865108,Normal,none,All sensors within nominal operating range.,No action required.,0,
Zone-C,159,1780126951.8651142,Normal,none,All sensors within nominal operating range.,No action required.,0,
Zone-C,160,1780126951.8651211,Normal,none,All sensors within nominal operating range.,No action required.,0,
Zone-C,161,1780126951.8651268,Normal,none,All sensors within nominal operating range.,No action required.,0,
Zone-C,162,1780126951.865134,Normal,none,All sensors within nominal operating range.,No action required.,0,
Zone-C,163,1780126951.86514,Normal,none,All sensors within nominal operating range.,No action required.,0,
Zone-C,164,1780126951.8651469,Normal,none,All sensors within nominal operating range.,No action required.,0,
Zone-C,165,1780126951.865153,Normal,none,All sensors within nominal operating range.,No action required.,0,
Zone-C,166,1780126951.8651586,Critical,zscore,HVAC cooling failure,Inspect chiller and cooling tower status; verify supply-air temperature set-point; switch to backup AHU if available.,3,"temperature,humidity,co2"
Zone-C,167,1780126951.865164,Critical,hard+iforest,HVAC cooling failure,Inspect chiller and cooling tower status; verify supply-air temperature set-point; switch to backup AHU if available.,3,"temperature,humidity,co2"
Zone-C,168,1780126951.865173,Normal,none,All sensors within nominal operating range.,No action required.,0,
Zone-C,169,1780126951.8651788,Normal,none,All sensors within nominal operating range.,No action required.,0,
Zone-C,170,1780126951.865186,Normal,none,All sensors within nominal operating range.,No action required.,0,
Zone-C,171,1780126951.865192,Normal,none,All sensors within nominal operating range.,No action required.,0,
Zone-C,172,1780126951.865199,Normal,none,All sensors within nominal operating range.,No action required.,0,
Zone-C,173,1780126951.865206,Normal,none,All sensors within nominal operating range.,No action required.,0,
Zone-C,174,1780126951.865212,Normal,none,All sensors within nominal operating range.,No action required.,0,
Zone-C,175,1780126951.8652182,Critical,hard,Peak power load event,Identify the high-consumption circuit and consider load shedding non-critical equipment; verify no inrush from compressor restart.,1,power
Zone-C,176,1780126951.865226,Normal,none,All sensors within nominal operating range.,No action required.,0,
Zone-C,177,1780126951.865232,Normal,none,All sensors within nominal operating range.,No action required.,0,
Zone-C,178,1780126951.86524,Normal,none,All sensors within nominal operating range.,No action required.,0,
Zone-C,179,1780126951.865247,Normal,none,All sensors within nominal operating range.,No action required.,0,
Zone-C,180,1780126951.865254,Normal,none,All sensors within nominal operating range.,No action required.,0,
Zone-C,181,1780126951.8652601,Normal,none,All sensors within nominal operating range.,No action required.,0,
Zone-C,182,1780126951.865265,Normal,none,All sensors within nominal operating range.,No action required.,0,
Zone-C,183,1780126951.86527,Normal,none,All sensors within nominal operating range.,No action required.,0,
Zone-C,184,1780126951.8652768,Normal,none,All sensors within nominal operating range.,No action required.,0,
Zone-C,185,1780126951.865283,Normal,none,All sensors within nominal operating range.,No action required.,0,
Zone-C,186,1780126951.865288,Normal,none,All sensors within nominal operating range.,No action required.,0,
Zone-C,187,1780126951.865293,Normal,none,All sensors within nominal operating range.,No action required.,0,
Zone-C,188,1780126951.8653,Normal,none,All sensors within nominal operating range.,No action required.,0,
Zone-C,189,1780126951.8653069,Normal,none,All sensors within nominal operating range.,No action required.,0,
Zone-C,190,1780126951.865313,Normal,none,All sensors within nominal operating range.,No action required.,0,
Zone-C,191,1780126951.865319,Normal,none,All sensors within nominal operating range.,No action required.,0,
Zone-C,192,1780126951.8653262,Normal,none,All sensors within nominal operating range.,No action required.,0,
Zone-C,193,1780126951.865334,Normal,none,All sensors within nominal operating range.,No action required.,0,
Zone-C,194,1780126951.86534,Normal,none,All sensors within nominal operating range.,No action required.,0,
Zone-C,195,1780126951.8653471,Normal,none,All sensors within nominal operating range.,No action required.,0,
Zone-C,196,1780126951.8653529,Normal,none,All sensors within nominal operating range.,No action required.,0,
Zone-C,197,1780126951.8653598,Normal,none,All sensors within nominal operating range.,No action required.,0,
Zone-C,198,1780126951.865366,Normal,none,All sensors within nominal operating range.,No action required.,0,
